date,EQ_VALUE,EQ_MOM,EQ_LOWVOL,RATES_CARRY,RATES_TREND,FX_CARRY,FX_VALUE,COM_CARRY,COM_TREND,MULTI_TREND
2018-01-01,0,0.1480430241,0.140218049575,0.11391930709,0.0952135854753,0.0731110743182,0.166594043045,0.0746915993649,0.0742496708174,0.113959646215
2018-01-31,0.126592328348,0.0918803489345,0.103678128133,0.0793737911039,0.141078165182,0.0541218924768,0.104061133544,0.127303481425,0.0644928563878,0.107417874465
2018-02-28,0.118532602353,0,0.139964152852,0.0805706454247,0.134269585003,0.062601354293,0.100315055745,0.162401246146,0.125362152437,0.0759832057453
2018-03-30,0.123837180488,0.124463446487,0.116093249783,0.0795982910857,0.108776857075,0.127883374118,0.0884174840412,0.0896356925878,0.0947775904737,0.0465168338603
2018-04-30,0.144703251144,0.122664430403,0,0.108068024365,0.107278944824,0.139315202179,0.0947614056811,0.0838744430888,0.0934674355974,0.105866862719
2018-05-31,0.0994509890515,0.0853357255885,0.0881268444751,0.110411655474,0.0778382723719,0.123614803425,0.0749293613219,0.098690872691,0.0968024198669,0.144799055734
2018-06-29,0.101462433772,0.1395923924,0.130308649583,0,0.152675251106,0.0920968172505,0.0978321532535,0.122440526905,0.0950982556644,0.0684935200671
2018-07-31,0.10054296346,0.100052570756,0.0815251234442,0.108988651836,0.109699961538,0.122593076833,0.0772350623297,0.0785849859875,0.13832075293,0.0824568508876
2018-08-31,0.118745310194,0.103229840859,0.0882555525999,0.160759340345,0,0.0920357712971,0.0664455564561,0.131293441693,0.0827208622526,0.156514324303
2018-09-28,0.0963331917766,0.195937873524,0.0903407932225,0.0734420576137,0.100084532697,0.0817011687002,0.0509236381074,0.126487802784,0.107419210322,0.0773297312513
2018-10-31,0.0847241557913,0.087640572529,0.120108510565,0.205263575561,0.112407062144,0,0.0902366815054,0.124327061902,0.0949325379549,0.080359842048
2018-11-30,0.0977155194454,0.0776152394061,0.108864889773,0.109723560064,0.119386650257,0.125404552338,0.0804688350074,0.13198713524,0.0918281487739,0.0570054696946
2018-12-31,0.128143756356,0.151582748675,0.0965783003111,0.134858364978,0.0986712081347,0.0865481904493,0,0.102169422047,0.107764077551,0.0936839314979
2019-01-31,0.123811127048,0.115662230268,0.0742144696844,0.086532335882,0.121828366574,0.0959350282224,0.0805597224725,0.0949988370104,0.0643193277817,0.142138555057
2019-02-28,0.11734276237,0.0979436270504,0.0737345790381,0.188826885182,0.0718073497636,0.130348400555,0.106710487647,0,0.114105369648,0.0991805387464
2019-03-29,0.0945589275253,0.0985734212055,0.112793728623,0.109230534399,0.0703480109865,0.0742480532627,0.122664213724,0.0833772340774,0.104049660137,0.130156216059
2019-04-30,0.129552444245,0.0936598367414,0.0941797221985,0.116604432856,0.11672129577,0.0896381546392,0.0985294226133,0.147780080548,0,0.113334610388
2019-05-31,0.0424219760612,0.124233325783,0.064613989288,0.0716975274733,0.103374005471,0.153336047949,0.132673735549,0.128703966888,0.103692261168,0.0752531643714
2019-06-28,0.149977844334,0.0777480959565,0.122652712535,0.116268599007,0.0749353536496,0.065512475051,0.131670477447,0.1115481159,0.149686326119,0
2019-07-31,0.109605536108,0.0557182905196,0.108674151184,0.101506905816,0.114038014907,0.101539155826,0.100775679457,0.0989750535955,0.0860259471797,0.123141265408
2019-08-30,0,0.0966714959186,0.106726161901,0.16602387984,0.12906710335,0.121842888081,0.083150817668,0.108594291819,0.103496512949,0.0844268484719
2019-09-30,0.113771495639,0.0903219813931,0.169963021506,0.0930674756142,0.0618057591041,0.0955541022787,0.101301890183,0.0741495972534,0.10038970611,0.0996749709177
2019-10-31,0.0877909933771,0,0.120195849231,0.111917537294,0.115116603602,0.0784655052272,0.162156085896,0.102127228352,0.0992346119804,0.122995585039
2019-11-29,0.178860520884,0.118256124756,0.0891118261843,0.1064394328,0.106247574903,0.0969927683905,0.069001991663,0.119308342386,0.0312211548388,0.084560263194
2019-12-31,0.0898674481948,0.100227149889,0,0.096814568381,0.108465492146,0.189251907601,0.0985382268268,0.107340718948,0.11122076243,0.098273725583
2020-01-31,0.096477952526,0.103689452255,0.0874826062366,0.0586927709181,0.065693212227,0.0992728484363,0.152506782208,0.0920821943096,0.107881538398,0.136220642485
2020-02-28,0.125364529348,0.109221548439,0.105765767705,0,0.134194742057,0.0787620605182,0.146023941566,0.0386810716877,0.134474853951,0.127511484729
2020-03-31,0.0874291322353,0.0799992825519,0.108941750332,0.0634702449075,0.0882520159172,0.10431739191,0.137073767646,0.152458153405,0.0713389955466,0.10671926555
2020-04-30,0.109201009072,0.129328654636,0.104497307055,0.131404134866,0,0.0928359056522,0.131763401861,0.105179829882,0.111440970026,0.0843487869514
2020-05-29,0.0884335441181,0.133815121706,0.0817213765494,0.149963777225,0.0981914088306,0.10329764275,0.077425394427,0.116977406165,0.0610870298285,0.0890872983996
2020-06-30,0.0879063128535,0.0728948941278,0.127741492201,0.102124672148,0.110051258419,0,0.0890675574318,0.135359574889,0.115117804313,0.159736433615
2020-07-31,0.0807982612444,0.0806534984514,0.110849963406,0.146868852336,0.083986934189,0.0486467695613,0.0677208504096,0.135328703399,0.0890175214128,0.156128645591
2020-08-31,0.0883606433395,0.13880325095,0.139624667451,0.0787779768898,0.0792880285115,0.11237753804,0,0.13371252208,0.115111732963,0.113943639775
2020-09-30,0.0529180477935,0.075692593985,0.0601262702612,0.106988715758,0.0682599165405,0.13548425334,0.0987625184195,0.075009338891,0.129011211011,0.197747133999
2020-10-30,0.0690572567402,0.0695296181767,0.0773103458126,0.13459305884,0.1640128939,0.0626564891334,0.216692692477,0,0.0889079962773,0.117239648643
2020-11-30,0.124776001137,0.0723880597609,0.124991596286,0.092890876122,0.0574412750742,0.110598558577,0.139535730855,0.104672613243,0.0675621722308,0.105143116714
2020-12-31,0.115048421054,0.123956717559,0.0648225615427,0.0672441436572,0.0910564557624,0.135561755469,0.129493954708,0.140037846519,0,0.132778143729
2021-01-29,0.129686627361,0.115646705162,0.14482627598,0.0852328723587,0.0915814148071,0.0825867304702,0.127023781399,0.085621001528,0.0591140262564,0.0786805646779
2021-02-26,0.161986133618,0.11387123129,0.143589072852,0.0673655011027,0.12410104577,0.0744363102257,0.123048294159,0.050266372997,0.141336037986,0
2021-03-31,0.0934094873641,0.134960867463,0.115829055707,0.0730916730869,0.0638797652766,0.173477292935,0.074436252631,0.0885616400194,0.0683969585191,0.113957006998
2021-04-30,0,0.103557293813,0.115799474577,0.0855868782059,0.115336891521,0.16248271153,0.110162869252,0.124889227034,0.0922246138425,0.0899600402248
2021-05-31,0.0605103341915,0.0919988718301,0.117516646386,0.105374676379,0.076931678327,0.0811955613157,0.139860327167,0.101673534694,0.110487529548,0.114450840162
2021-06-30,0.0985392953147,0,0.0979923180428,0.0944839704509,0.1655310807,0.106133771539,0.158231718948,0.107163191811,0.109075208804,0.0628494443895
2021-07-30,0.0906811033803,0.156993300103,0.15517772077,0.0900162441845,0.0524484294822,0.0789547889217,0.0897707393602,0.089947809876,0.0899349376696,0.106074926252
2021-08-31,0.0785570062377,0.104373916622,0,0.094420932587,0.110484535304,0.16927349615,0.130255402484,0.124745303492,0.0967041478431,0.0911852592805
2021-09-30,0.0906030760363,0.105862974963,0.0981354587694,0.0953298272713,0.116419622702,0.104085696091,0.114295647756,0.0706337208763,0.0639200430908,0.140713932444
2021-10-29,0.0681007115058,0.0998941654176,0.124410474051,0,0.09562114752,0.0795025720474,0.108378010331,0.120234294901,0.141992648051,0.161865976175
2021-11-30,0.153985221885,0.077721270853,0.0574818605725,0.121994185854,0.0824829347732,0.101135536847,0.109721347915,0.103254147815,0.0666005709124,0.125622922571
2021-12-31,0.16544423727,0.0945618125035,0.173786871732,0.0475409009403,0,0.156850664457,0.0750358993468,0.103746286789,0.0951648305456,0.0878684964166
2022-01-31,0.108834327177,0.0837241140309,0.103107582076,0.137677014635,0.109841163513,0.0609079693916,0.161548166542,0.0979506846886,0.0786304659422,0.0577785120033
2022-02-28,0.116977770406,0.0924020344055,0.0734958444622,0.0814323819479,0.069823819219,0,0.103101264551,0.11079114218,0.129011201536,0.222964541294
2022-03-31,0.115383986826,0.084976317956,0.0881629779833,0.105522839199,0.0715621560846,0.121082470996,0.090365007711,0.127069221575,0.102587696814,0.0932873248544
2022-04-29,0.1473285397,0.0670667254386,0.118122167404,0.0646244673406,0.165379315037,0.111313528415,0,0.137143794969,0.0908722887843,0.0981491729123
2022-05-31,0.0621056729508,0.0753406000914,0.107220232504,0.0834085530175,0.0686448751289,0.125929720214,0.120804762607,0.165032304902,0.0710087418987,0.120504536686
2022-06-30,0.11895209665,0.106754005041,0.159081150079,0.111177122819,0.0814367915535,0.0905950134278,0.0621572203988,0,0.158301315692,0.111545284339
2022-07-29,0.102892310062,0.123525773458,0.11765445727,0.136668187778,0.0966724698111,0.110313605639,0.0951794602325,0.0664947487805,0.070613279157,0.0799857078125
2022-08-31,0.0799941172553,0.123775875571,0.153031188924,0.100639715049,0.0687985719931,0.0943124213918,0.109380899978,0.149772582254,0,0.120294627584
2022-09-30,0.101913127951,0.117584189614,0.137295860124,0.0755720403389,0.0881072067179,0.0755296983296,0.100358497521,0.0514801639062,0.14863015816,0.103529057337
2022-10-31,0.118422660917,0.0854967532996,0.09463880724,0.0719804719542,0.0841132481648,0.141004708106,0.0653676618892,0.189777041929,0.1491986465,0
2022-11-30,0.0802689007948,0.127107230172,0.123471984322,0.0878297182536,0.120218135746,0.0958021687988,0.0587749184029,0.0715583127216,0.143844714764,0.091123916023
2022-12-30,0,0.12707811325,0.0623541823154,0.122974820363,0.129495471785,0.147787852562,0.0884597012063,0.102426823604,0.128598171154,0.0908248637604
2023-01-31,0.0972144052203,0.0937041540946,0.0449773756195,0.118113059648,0.0675637391374,0.0914758303612,0.151029504353,0.0697162978741,0.103296196518,0.162909437174
2023-02-28,0.130650558521,0,0.0765668529841,0.167820455094,0.0619766528536,0.127965003682,0.109442295076,0.0995893126889,0.0944380754519,0.131550793648
2023-03-31,0.0663776449185,0.0728496688578,0.0973723134744,0.114063305778,0.080382658687,0.129036474309,0.0877385900147,0.0852419949462,0.173807001842,0.0931303471732
2023-04-28,0.171318264945,0.201325466268,0,0.078782610029,0.0595046899495,0.121748843249,0.122306626767,0.0840011573142,0.0483096658551,0.112702675623
2023-05-31,0.0620738777639,0.0950437072643,0.125681707205,0.105383404037,0.137724791897,0.0934107039259,0.0810792717825,0.0764365676112,0.124653526985,0.0985124415284
2023-06-30,0.0841933638127,0.118886789165,0.0619521366545,0,0.115425067102,0.120140106762,0.165036907223,0.0968782597136,0.11594081896,0.121546550608
2023-07-31,0.0992090311566,0.0690569801749,0.128724311161,0.0489927944112,0.0703696060988,0.0914197854961,0.0702993543508,0.102966205229,0.14238239047,0.176579541451
2023-08-31,0.10660805409,0.12065141927,0.109849896035,0.104842055898,0,0.1772189501,0.05593145272,0.141140044902,0.0829462923052,0.100811834681
2023-09-29,0.0646826752111,0.0630944792654,0.129182467332,0.0771273911239,0.0949857212223,0.109460348151,0.146428003442,0.0637605001884,0.149498733809,0.101779680254
2023-10-31,0.121611286557,0.103871617777,0.0991397974069,0.0675768904813,0.164702308789,0,0.095328891725,0.156562307495,0.110269007326,0.0809378924418
2023-11-30,0.125696305603,0.0854854540563,0.0816013958259,0.0655163747933,0.0837192213423,0.0886065534755,0.113251553195,0.0774030552217,0.142939320598,0.135780765889
2023-12-29,0.13052389828,0.0623368881331,0.0996663079226,0.118377022616,0.11505510214,0.126131327021,0,0.116563300797,0.117309195069,0.114036958022
2024-01-31,0.119480678936,0.0986641998197,0.0804719423442,0.0688975794532,0.0638886816595,0.0707215291546,0.129657264655,0.146121186827,0.117751391292,0.104345545858
2024-02-29,0.0726863603819,0.119681168706,0.101253802011,0.101246536264,0.128491847373,0.150277099704,0.124667220386,0,0.132254467904,0.0694414972702
2024-03-29,0.14980003151,0.0908843828361,0.138213700025,0.0626236436671,0.0600858255174,0.0715840358247,0.0667199994745,0.121890969978,0.131126450717,0.10707096045
2024-04-30,0.131921197586,0.0695437853757,0.0970734475685,0.101194033495,0.0744990538548,0.117801581927,0.141928647449,0.155106538819,0,0.110931713925
2024-05-31,0.0857387319112,0.0936869716951,0.0969289720817,0.0718652730484,0.0871207393829,0.0826022948838,0.157155147597,0.132032687757,0.11736908102,0.0755001006224
2024-06-28,0.126199337103,0.0809066340692,0.12662816068,0.0942099090365,0.140996266908,0.065807082823,0.124777477606,0.144742391515,0.0957327402591,0
2024-07-31,0.0977284749575,0.11385978513,0.0824329742123,0.0787758093636,0.160104062194,0.0885897516938,0.0960324638975,0.0855386001448,0.116566002246,0.0803720761612
2024-08-30,0,0.133052684086,0.12772111061,0.0896450765174,0.100211487054,0.0758965556085,0.10017107011,0.17247944723,0.125101915932,0.0757206528516
2024-09-30,0.0632348165501,0.0783671411019,0.0701695229613,0.0982424256419,0.155904511831,0.140240577591,0.0985872965383,0.0843418860849,0.0927153812575,0.118196440442
2024-10-31,0.126009149063,0,0.151055727201,0.0872514741578,0.123437012526,0.104383401212,0.112758961506,0.088363292474,0.121190284135,0.085550697726
2024-11-29,0.0956085110486,0.103615648784,0.0870509159729,0.162097032075,0.0955275344376,0.101571242648,0.112206092948,0.0735110410166,0.0651536275906,0.103658353479
2024-12-31,0.0637963352791,0.114673273726,0,0.11465983153,0.12906286426,0.0967572064502,0.15283427484,0.111367897378,0.149056511193,0.0677918053441
2025-01-31,0.109852811857,0.0843287900741,0.0958906113625,0.104377830105,0.0516171451191,0.0595330746916,0.139536325642,0.104082539677,0.119908924631,0.130871946841
2025-02-28,0.0929375550423,0.144571083744,0.0945539626519,0,0.150709683995,0.120261835769,0.073746494248,0.0964812959856,0.108411673589,0.118326414975
2025-03-31,0.134418582892,0.1144067201,0.0942966087934,0.0885303492224,0.0899016580338,0.0834702893234,0.0823233638559,0.12840472724,0.10028874009,0.0839589604497
2025-04-30,0.108658683287,0.0960935700185,0.0646890895942,0.128921042972,0,0.139131034474,0.136621040724,0.0783232897091,0.156337869143,0.0912243800771
2025-05-30,0.0611717950477,0.0448194281741,0.0955369138319,0.129018526417,0.123499413669,0.0898703481934,0.117009385798,0.157184007493,0.0800938344471,0.101796346928
2025-06-30,0.160885671905,0.0765454905338,0.0784934677221,0.168618918137,0.146261860778,0,0.0819833276946,0.0791570914451,0.117343647277,0.0907105245086
2025-07-31,0.0826771421059,0.071807514692,0.101904616247,0.069332367964,0.119222748937,0.140022139381,0.107669043912,0.132322350689,0.0960973959023,0.0789446801704
2025-08-29,0.110233071733,0.0760068362846,0.102539604434,0.11579179886,0.123001455208,0.163186229341,0,0.130020405913,0.089740644442,0.0894799537852
2025-09-30,0.0846287686504,0.0805351278239,0.107439834744,0.0748102271641,0.149009253495,0.127665927675,0.135448831183,0.0835109787451,0.0748019702181,0.0821490803018
2025-10-31,0.109780545154,0.106411415577,0.15368551575,0.162118148899,0.111474970252,0.0707701954119,0.0981598880838,0,0.0719039248935,0.115695395979
2025-11-28,0.0823747318989,0.171952593872,0.111979525308,0.0826096842113,0.0886788710639,0.0567573659525,0.108704434816,0.109658684489,0.0675831490179,0.119700959371
2025-12-31,0.160875395521,0.0757151027924,0.125564579354,0.126485476273,0.111256718846,0.113387695672,0.0926321032634,0.059269909002,0,0.134813019275
